title,company,link,id,location,date,level,type
Software Engineer - Fresh Graduate,Virtusa,https://sg.linkedin.com/jobs/view/software-engineer-fresh-graduate-at-virtusa-3832387609?position=1&pageNum=0&refId=ot%2B%2Bg4GTCxpZTxuYnHkSbw%3D%3D&trackingId=Y%2FMhtQgh6UWAcM4J3NBuVw%3D%3D&trk=public_jobs_jserp-result_search-card,3832387609,"Kallang, Central Singapore Community Development Council, Singapore",3 weeks ago,,
Backend Engineer - Fresh Grad,HoYoverse,https://sg.linkedin.com/jobs/view/backend-engineer-fresh-grad-at-hoyoverse-3837546488?position=2&pageNum=0&refId=ot%2B%2Bg4GTCxpZTxuYnHkSbw%3D%3D&trackingId=TQDroHUuq%2F%2FZrC4%2BJdjFkw%3D%3D&trk=public_jobs_jserp-result_search-card,3837546488,Singapore,1 month ago,,
Web Developer,OOm Singapore,https://sg.linkedin.com/jobs/view/web-developer-at-oom-singapore-3850849238?position=3&pageNum=0&refId=ot%2B%2Bg4GTCxpZTxuYnHkSbw%3D%3D&trackingId=EL6HGWCoh4rOPKNTuDq%2FIg%3D%3D&trk=public_jobs_jserp-result_search-card,3850849238,"Singapore, Singapore",3 weeks ago,,
"Software Engineer, Full Stack, Search",Google,https://sg.linkedin.com/jobs/view/software-engineer-full-stack-search-at-google-3785151022?position=4&pageNum=0&refId=ot%2B%2Bg4GTCxpZTxuYnHkSbw%3D%3D&trackingId=dXK9pL8rEh9GVWoZPVOwiQ%3D%3D&trk=public_jobs_jserp-result_search-card,3785151022,Singapore,3 weeks ago,,
Software Engineer - Backend,ASUS,https://sg.linkedin.com/jobs/view/software-engineer-backend-at-asus-3828521626?position=5&pageNum=0&refId=ot%2B%2Bg4GTCxpZTxuYnHkSbw%3D%3D&trackingId=99McCCXWaSoN%2BV8HrmrbRQ%3D%3D&trk=public_jobs_jserp-result_search-card,3828521626,"Singapore, Singapore",3 weeks ago,Mid-Senior level,Full-time
Junior Web Developer,GECO Asia Pte Ltd,https://sg.linkedin.com/jobs/view/junior-web-developer-at-geco-asia-pte-ltd-3790470430?position=6&pageNum=0&refId=ot%2B%2Bg4GTCxpZTxuYnHkSbw%3D%3D&trackingId=wkWG%2FiKWrjZZZgfQhtWoRQ%3D%3D&trk=public_jobs_jserp-result_search-card,3790470430,"Singapore, Singapore",3 months ago,,
Junior Software Engineer,Capgemini,https://sg.linkedin.com/jobs/view/junior-software-engineer-at-capgemini-3829053920?position=7&pageNum=0&refId=ot%2B%2Bg4GTCxpZTxuYnHkSbw%3D%3D&trackingId=2T4ffaP6lRG%2BFs7FdehA9A%3D%3D&trk=public_jobs_jserp-result_search-card,3829053920,"Singapore, Singapore",2 weeks ago,,
Software Developer,Thoughtworks,https://sg.linkedin.com/jobs/view/software-developer-at-thoughtworks-3836487524?position=8&pageNum=0&refId=ot%2B%2Bg4GTCxpZTxuYnHkSbw%3D%3D&trackingId=kRNqN2InSfhJbDuC0fOasg%3D%3D&trk=public_jobs_jserp-result_search-card,3836487524,"Singapore, Singapore",2 weeks ago,Not Applicable,Full-time
Software Engineer Intern,PayPal,https://sg.linkedin.com/jobs/view/software-engineer-intern-at-paypal-3868417207?position=9&pageNum=0&refId=ot%2B%2Bg4GTCxpZTxuYnHkSbw%3D%3D&trackingId=buLOmka4a8U6Nqm2a4xaVA%3D%3D&trk=public_jobs_jserp-result_search-card,3868417207,"Singapore, Singapore",5 days ago,,
"Software Engineer (JavaScript, TypeScript)",Activate Interactive,https://sg.linkedin.com/jobs/view/software-engineer-javascript-typescript-at-activate-interactive-3877047184?position=10&pageNum=0&refId=ot%2B%2Bg4GTCxpZTxuYnHkSbw%3D%3D&trackingId=nDs9N3n9fUe%2FVIVwKDfRoQ%3D%3D&trk=public_jobs_jserp-result_search-card,3877047184,"Singapore, Singapore",,,
Software Engineer - Fresh Graduate,Virtusa,https://sg.linkedin.com/jobs/view/software-engineer-fresh-graduate-at-virtusa-3832387609?position=1&pageNum=0&refId=Z9FQfr%2B0jgO0YW%2F7St3WqA%3D%3D&trackingId=uq%2B0gjtbRlt1V8d6f8PLoA%3D%3D&trk=public_jobs_jserp-result_search-card,3832387609,"Kallang, Central Singapore Community Development Council, Singapore",3 weeks ago,,
Backend Engineer - Fresh Grad,HoYoverse,https://sg.linkedin.com/jobs/view/backend-engineer-fresh-grad-at-hoyoverse-3837546488?position=2&pageNum=0&refId=Z9FQfr%2B0jgO0YW%2F7St3WqA%3D%3D&trackingId=rPCEejrI7%2BVt%2FpFSgmWoVA%3D%3D&trk=public_jobs_jserp-result_search-card,3837546488,Singapore,1 month ago,,
Web Developer,OOm Singapore,https://sg.linkedin.com/jobs/view/web-developer-at-oom-singapore-3850849238?position=3&pageNum=0&refId=Z9FQfr%2B0jgO0YW%2F7St3WqA%3D%3D&trackingId=VxgbsQSieoMQsbpvecx9sg%3D%3D&trk=public_jobs_jserp-result_search-card,3850849238,"Singapore, Singapore",3 weeks ago,,
"Software Engineer, Full Stack, Search",Google,https://sg.linkedin.com/jobs/view/software-engineer-full-stack-search-at-google-3785151022?position=4&pageNum=0&refId=Z9FQfr%2B0jgO0YW%2F7St3WqA%3D%3D&trackingId=cFLdf88N2KpcJpPaNb6Kfg%3D%3D&trk=public_jobs_jserp-result_search-card,3785151022,Singapore,3 weeks ago,Not Applicable,Full-time
Software Engineer - Backend,ASUS,https://sg.linkedin.com/jobs/view/software-engineer-backend-at-asus-3828521626?position=5&pageNum=0&refId=Z9FQfr%2B0jgO0YW%2F7St3WqA%3D%3D&trackingId=OUslYRNEZQXGEoKZzRBQrA%3D%3D&trk=public_jobs_jserp-result_search-card,3828521626,"Singapore, Singapore",3 weeks ago,,
Junior Web Developer,GECO Asia Pte Ltd,https://sg.linkedin.com/jobs/view/junior-web-developer-at-geco-asia-pte-ltd-3790470430?position=6&pageNum=0&refId=Z9FQfr%2B0jgO0YW%2F7St3WqA%3D%3D&trackingId=dRdBAqTJb3%2BjBlbx3QiFLw%3D%3D&trk=public_jobs_jserp-result_search-card,3790470430,"Singapore, Singapore",3 months ago,,
Junior Software Engineer,Capgemini,https://sg.linkedin.com/jobs/view/junior-software-engineer-at-capgemini-3829053920?position=7&pageNum=0&refId=Z9FQfr%2B0jgO0YW%2F7St3WqA%3D%3D&trackingId=PU7rbOTvg24sTzWuYG%2BN4Q%3D%3D&trk=public_jobs_jserp-result_search-card,3829053920,"Singapore, Singapore",2 weeks ago,,
Software Developer,Thoughtworks,https://sg.linkedin.com/jobs/view/software-developer-at-thoughtworks-3836487524?position=8&pageNum=0&refId=Z9FQfr%2B0jgO0YW%2F7St3WqA%3D%3D&trackingId=DcVZULKje1wCzIKlvDAwWw%3D%3D&trk=public_jobs_jserp-result_search-card,3836487524,"Singapore, Singapore",2 weeks ago,,
Software Engineer Intern,PayPal,https://sg.linkedin.com/jobs/view/software-engineer-intern-at-paypal-3868417207?position=9&pageNum=0&refId=Z9FQfr%2B0jgO0YW%2F7St3WqA%3D%3D&trackingId=FN2ZgiKiHoXmY9plz5mEow%3D%3D&trk=public_jobs_jserp-result_search-card,3868417207,"Singapore, Singapore",5 days ago,Not Applicable,Full-time
"Software Engineer (JavaScript, TypeScript)",Activate Interactive,https://sg.linkedin.com/jobs/view/software-engineer-javascript-typescript-at-activate-interactive-3877047184?position=10&pageNum=0&refId=Z9FQfr%2B0jgO0YW%2F7St3WqA%3D%3D&trackingId=IAjEtgYYoSVpgQm9sJU6vg%3D%3D&trk=public_jobs_jserp-result_search-card,3877047184,"Singapore, Singapore",,,
Software Engineer - Fresh Graduate,Virtusa,https://sg.linkedin.com/jobs/view/software-engineer-fresh-graduate-at-virtusa-3832387609?position=1&pageNum=0&refId=oWJtcpvZZn3eNECTjmtqqQ%3D%3D&trackingId=er3Jd41Ez6gUI8eD6jH1gQ%3D%3D&trk=public_jobs_jserp-result_search-card,3832387609,"Kallang, Central Singapore Community Development Council, Singapore",3 weeks ago,,
Backend Engineer - Fresh Grad,HoYoverse,https://sg.linkedin.com/jobs/view/backend-engineer-fresh-grad-at-hoyoverse-3837546488?position=2&pageNum=0&refId=oWJtcpvZZn3eNECTjmtqqQ%3D%3D&trackingId=cfWm%2FNpRrs2wS2nkM9ZboQ%3D%3D&trk=public_jobs_jserp-result_search-card,3837546488,Singapore,1 month ago,,
Web Developer,OOm Singapore,https://sg.linkedin.com/jobs/view/web-developer-at-oom-singapore-3850849238?position=3&pageNum=0&refId=oWJtcpvZZn3eNECTjmtqqQ%3D%3D&trackingId=Qd%2FXED%2BJU9a1%2FnaqUY6Vzg%3D%3D&trk=public_jobs_jserp-result_search-card,3850849238,"Singapore, Singapore",3 weeks ago,,
"Software Engineer, Full Stack, Search",Google,https://sg.linkedin.com/jobs/view/software-engineer-full-stack-search-at-google-3785151022?position=4&pageNum=0&refId=oWJtcpvZZn3eNECTjmtqqQ%3D%3D&trackingId=kaDmS7rhfgZP%2F1dWKvw3vw%3D%3D&trk=public_jobs_jserp-result_search-card,3785151022,Singapore,3 weeks ago,,
Software Engineer - Backend,ASUS,https://sg.linkedin.com/jobs/view/software-engineer-backend-at-asus-3828521626?position=5&pageNum=0&refId=oWJtcpvZZn3eNECTjmtqqQ%3D%3D&trackingId=JzQmxUc%2BwgB%2Fabcf%2FcGicA%3D%3D&trk=public_jobs_jserp-result_search-card,3828521626,"Singapore, Singapore",3 weeks ago,Mid-Senior level,Full-time
Junior Web Developer,GECO Asia Pte Ltd,https://sg.linkedin.com/jobs/view/junior-web-developer-at-geco-asia-pte-ltd-3790470430?position=6&pageNum=0&refId=oWJtcpvZZn3eNECTjmtqqQ%3D%3D&trackingId=%2BQot%2FLVyE5h3L58d%2FcUPNQ%3D%3D&trk=public_jobs_jserp-result_search-card,3790470430,"Singapore, Singapore",3 months ago,,
Junior Software Engineer,Capgemini,https://sg.linkedin.com/jobs/view/junior-software-engineer-at-capgemini-3829053920?position=7&pageNum=0&refId=oWJtcpvZZn3eNECTjmtqqQ%3D%3D&trackingId=HcpwNoCzog2s%2F1uW%2Fu2hcA%3D%3D&trk=public_jobs_jserp-result_search-card,3829053920,"Singapore, Singapore",2 weeks ago,,
Software Developer,Thoughtworks,https://sg.linkedin.com/jobs/view/software-developer-at-thoughtworks-3836487524?position=8&pageNum=0&refId=oWJtcpvZZn3eNECTjmtqqQ%3D%3D&trackingId=cqePFyyRm%2BJvVsUcg%2B79Lg%3D%3D&trk=public_jobs_jserp-result_search-card,3836487524,"Singapore, Singapore",2 weeks ago,Not Applicable,Full-time
Software Engineer Intern,PayPal,https://sg.linkedin.com/jobs/view/software-engineer-intern-at-paypal-3868417207?position=9&pageNum=0&refId=oWJtcpvZZn3eNECTjmtqqQ%3D%3D&trackingId=%2B9S7BSNqV%2FC7b0NzMEWSaQ%3D%3D&trk=public_jobs_jserp-result_search-card,3868417207,"Singapore, Singapore",5 days ago,Not Applicable,Full-time
"Software Engineer (JavaScript, TypeScript)",Activate Interactive,https://sg.linkedin.com/jobs/view/software-engineer-javascript-typescript-at-activate-interactive-3877047184?position=10&pageNum=0&refId=oWJtcpvZZn3eNECTjmtqqQ%3D%3D&trackingId=3mGB5k0uj0GJiLZCxpbeUw%3D%3D&trk=public_jobs_jserp-result_search-card,3877047184,"Singapore, Singapore",,,
